date,open,high,low,close,volume,daily_return,log_return,rolling_volatility,moving_average,absolute_range,relative_range_on_open,relative_range_on_close,open_close_range,upper_shadow,lower_shadow
2025-01-02,422.4139505741353,422.9500047735069,411.81216477472935,415.51483154296875,16896500,,,,,11.137839998777565,0.026367121596337598,0.02680491562098618,-6.899119031166549,0.5360541993716197,3.7026667682393963
2025-01-03,417.99651176266025,420.9249216883709,416.46781065088146,420.2499084472656,16662900,0.011395686856023213,0.01133124512629892,,,4.457111037489426,0.010663034049480748,0.010605858437798373,2.2533966846053772,0.6750132411052618,1.528701111778787
2025-01-06,424.865875513533,431.13960318889787,422.3643396757335,424.71697998046875,20573600,0.010629559800995558,0.010573463201512772,,,8.775263513164361,0.020654197051146433,0.02066143791465061,-0.1488955330642625,6.273727675364853,2.352640304735246
2025-01-07,425.85852385294453,427.49643519355806,417.7185585987197,419.2770690917969,18139100,-0.01280831976372132,-0.0128910535040075,,,9.777876594838347,0.02296038718768207,0.02332079981387575,-6.581454761147654,1.6379113406135275,1.558510493077165
2025-01-08,420.3590683350305,423.8433749158129,418.4531451224049,421.4510192871094,15054600,0.005184996642009443,0.005171600831788906,,420.24196166992186,5.390229793407968,0.012822917832503854,0.012789694523756572,1.0919509520788893,2.3923556287035126,1.9059232126255665
2025-01-10,421.52054055637365,421.5999414060332,411.98089654314987,415.88214111328125,20201100,-0.013213583356015968,-0.01330165947641317,,420.3154235839844,9.619044862883356,0.022819872194572016,0.023129256854199098,-5.638399443092396,0.07940084965957794,3.9012445701313823
2025-01-13,412.19930745359136,415.4354451072025,409.27092762989713,414.1350402832031,17604800,-0.004200951801876518,-0.004209800590816493,,419.0924499511719,6.164517477305367,0.014955186400936437,0.014885283488906923,1.9357328296117657,1.3004048239993722,2.928379823694229
2025-01-14,414.7505038729655,416.66636380793307,407.7124253904485,412.6261901855469,16935900,-0.003643377041035789,-0.003650030304314522,,416.6742919921875,8.95393841748455,0.02158873427246532,0.02169987904417363,-2.124313687418635,1.915859934967557,4.913764795098359
2025-01-15,416.06078709453215,425.0147242617403,415.2070689754285,423.1882019042969,19637800,0.025597046358110553,0.025274927264082724,,417.4565185546875,9.807655286311785,0.023572649936085932,0.023175634959052487,7.12741480976473,1.826522357443423,0.8537181191036325
2025-01-16,425.56074187721237,426.34493507947604,421.28230542678756,421.47088623046875,15300000,-0.004058042417299013,-0.004066298614999388,,417.4604919433594,5.062629652688486,0.011896373782874016,0.012011813432636811,-4.089855646743615,0.7841932022636797,0.1885808036811909
2025-01-17,430.91124996405387,431.29840862027794,425.0346177976779,425.8883056640625,26197500,0.010480959843044202,0.010426415371347312,,419.46172485351565,6.263790822600015,0.014536150595099417,0.01470759055671476,-5.022944299991366,0.38715865622407364,0.8536878663845755
2025-01-21,427.04974598441896,427.74460185190514,422.4834247796493,425.3621826171875,26085700,-0.0012353545281189593,-0.0012361182075320352,,421.7071533203125,5.261177072255862,0.012319822507160131,0.012368699633532666,-1.687563367231462,0.6948558674861829,2.878757837538217
2025-01-22,434.35587089419175,443.9947588601348,432.8072967513622,442.9326171875,27803800,0.04130699739738097,0.040476652398013895,,427.7684387207031,11.18746210877265,0.025756442719978553,0.02525770664578723,8.576746293308247,1.062141672634823,1.5485741428295796
2025-01-23,438.76334144088526,443.4785583455101,438.2670028193458,443.4388427734375,18389300,0.0011428952538015125,0.001142242646215011,,431.8185668945313,5.211555526164318,0.011877828054298545,0.011752591391338748,4.675501332552244,0.03971557207262322,0.49633862153945074
2025-01-24,441.9002090925553,443.37928850377745,438.16773293128523,440.8082580566406,15549500,-0.005932237916606908,-0.005949903539054129,,435.6860412597656,5.211555572492216,0.011793512347944292,0.011822726723560087,-1.0919510359146898,1.4790794112221306,2.6405251253553956
2025-01-27,420.9051049056437,432.01316613773105,420.3988297966623,431.3778381347656,35647800,-0.02139347380525536,-0.021625631239945015,0.01571134065804395,436.78394775390626,11.614336341068736,0.027593716982055552,0.026923813219723938,10.4727332291219,0.6353280029654229,0.5062751089814128
2025-01-28,431.4175234893937,445.0966142937209,428.2211016468738,443.9252624511719,23491700,0.029086854277586616,0.02867185977927945,0.01699339060294355,440.49656372070314,16.875512646847085,0.039116428350787574,0.03801431023246453,12.50773896177816,1.1713518425490292,3.1964218425198965
2025-01-29,443.41900040059096,443.60761150041753,437.17505205552743,439.0909118652344,23581400,-0.010890010086932689,-0.010949740284245566,0.01727374558380097,439.72822265625,6.432559444890103,0.014506729389310873,0.01464972121050044,-4.328088535356585,0.18861109982657354,1.9158598097069444
2025-01-30,415.7034295288443,419.7634757332681,410.1345248522129,411.95111083984375,54586300,-0.06180907026770888,-0.06380180086816058,0.02410539416758498,433.43067626953126,9.628950881055175,0.023163029691548535,0.02337401363337668,-3.7523186890005604,4.06004620442377,1.8165859876308446
2025-01-31,415.911907348454,417.60937689111034,411.87170384291437,412.0205993652344,34161900,0.00016868148564763707,0.00016866726052549094,0.024045843632769577,427.67314453125,5.737673048195973,0.013795404620115645,0.01392569463040325,-3.891307983219633,1.6974695426563358,0.1488955223200037
2025-02-03,408.5859629677824,412.36806087424213,405.6674894234756,407.91094970703125,25679100,-0.009974379107584697,-0.010024456499066435,0.023945719021956934,422.9797668457031,6.7005714507665175,0.016399416666438116,0.016426554510436616,-0.6750132607511432,3.7820979064597395,2.2434602835556348
2025-02-04,409.66794472749183,410.8889485554991,406.7395349510832,409.35028076171875,20532100,0.0035285423343531797,0.0035223316343745066,0.023961598916874285,416.0647705078125,4.149413604415884,0.010128724147982932,0.010136584239528693,-0.31766396577307887,1.2210038280072695,2.6107458106355352
2025-02-05,409.33046130378085,410.7996042139957,407.39472859021873,410.2635803222656,16316700,0.0022310954785407233,0.002228610280812701,0.02395928670451512,410.29930419921874,3.4048756237769453,0.008318158421271385,0.008299239286856478,0.9331190184847742,0.5360238917300535,1.9357327135621176
2025-02-06,410.9683447102107,415.1376009046221,410.9683447102107,412.7750244140625,16309800,0.006121537987417991,0.006102877488996973,0.022984317317742295,410.4640869140625,4.169256194411389,0.010144957021814633,0.010100553443924283,1.8066797038517848,2.3625764905596043,0.0
2025-02-07,413.4302096384315,415.58430218979566,405.1115698860282,406.7494812011719,22886800,-0.014597644858585945,-0.014705238839191713,0.023226717531185694,409.40986328125,10.472732303767486,0.025331318465882047,0.025747377164048152,-6.680728437259631,2.1540925513641582,1.6379113151436968
2025-02-10,410.6804647918203,412.4176498447071,407.91091729068654,409.2013854980469,20817900,0.006028045296171625,0.006009949316966066,0.02308044744186589,409.66795043945314,4.506732554020573,0.010973817701080812,0.011013483125271784,-1.4790792937734523,1.7371850528867867,1.290468207360334
2025-02-11,406.64031711794166,409.4694230026259,406.30278019920314,408.4271240234375,18140600,-0.0018921281844317406,-0.001893920520207777,0.02307816413232511,409.4833190917969,3.1666428034227465,0.007787331137911482,0.0077532627417787004,1.7868069054958369,1.0422989791883879,0.33753691873852176
2025-02-12,404.2280919312538,407.742177856358,401.40889219439293,406.0447082519531,19121700,-0.005833147779253922,-0.005850227035363734,0.01974526641387137,408.63954467773436,6.333285661965078,0.015667603979988027,0.01559750818876634,1.8166163206993247,1.697469604404887,2.819199736860867
2025-02-13,404.01963601763975,407.99034497113007,403.38430804391083,407.5337219238281,23891700,0.003667117540542053,0.0036604100580969645,0.01981904604264745,407.5912841796875,4.606036927219236,0.01140052739173829,0.011302222808644404,3.5140859061883702,0.4566230473019459,0.6353279737289199
2025-02-14,404.80385028408716,405.91564391864586,402.9078331667541,405.43914794921875,22758500,-0.0051396335123424786,-0.005152886859732065,0.019819192878684097,407.3292175292969,3.007810751891782,0.0074302918556257095,0.007418649055242465,0.6352976651315885,0.4764959694271056,1.8960171173330878
2025-02-18,405.012314606688,407.593281493885,403.5232987441634,406.64031982421875,21423100,0.0029626440393724085,0.0029582640582712398,0.01940941388119573,406.81700439453124,4.069982749721589,0.01004903456744024,0.010008802746075325,1.628005217530756,0.9529616696662515,1.4890158625245817
2025-02-19,404.89322664533626,412.4474864443749,404.66489995782183,411.7327575683594,24114200,0.012523199239913074,0.012445432565606061,0.017851865530765985,407.47813110351564,7.782586486553043,0.01922133040118785,0.01890203376703859,6.839530923023119,0.7147288760154993,0.22832668751442498
2025-02-20,413.0755241021682,417.07407700385164,410.340188149201,413.9110412597656,23508700,0.005290528021794749,0.005276582343463739,0.017958111567367485,409.0513977050781,6.7338888546506155,0.01630183455988326,0.016268927821194573,0.8355171575974509,3.1630357440860166,2.735335952967148
2025-02-21,415.11461566593005,415.8208212359378,405.7150240823537,406.0332946777344,27524800,-0.019032463009575173,-0.019215911717197994,0.008585865457116666,408.7513122558594,10.105797153584092,0.024344594895489995,0.02488908492493205,-9.081320988195671,0.7062055700077394,0.3182705953806817
2025-02-24,406.3316944915949,407.1870941067446,397.1906962904959,401.8457336425781,26443700,-0.010313343979537204,-0.010366895023308403,0.008911298843452256,408.0326293945312,9.996397816248702,0.024601570470047303,0.02487620740833845,-4.485960849016749,0.8553996151497358,4.655037352082218
2025-02-25,398.9612079589026,399.77684273234365,394.58467628789543,395.77825927734375,29387400,-0.015099014017730283,-0.015214164708118934,0.009348951274268191,405.86021728515624,5.192166444448219,0.01301421376532194,0.013118877358065745,-3.1829486815588552,0.8156347734410474,1.1935829894483163
2025-02-26,395.8877115559134,401.44790050472056,392.1477511905504,397.5985412597656,19619000,0.004599247027225584,0.00458870280856679,0.00939797547555515,403.0333740234375,9.300149314170142,0.02349188682219713,0.023390803408642323,1.7108297038521982,3.8493592449549396,3.739960365363004
2025-02-27,399.13027515598884,403.5764407452776,390.0788238664077,390.4368896484375,21127400,-0.018012268326329628,-0.018176463909713544,0.01019424745873308,398.3385437011719,13.497616878869906,0.033817572153840604,0.034570547088989496,-8.69338550755134,4.446165589288739,0.35806578202982564
2025-02-28,390.5662102627109,395.50970978817173,384.50868780557136,394.87310791015625,32845700,0.01136219035479269,0.01129812549135796,0.010616135042365261,396.10650634765625,11.001021982600378,0.02816685543585718,0.02785963835527486,4.306897647445339,0.6366018780154832,6.057522457139555
2025-03-03,396.693360360252,396.693360360252,384.1008642400347,386.4184265136719,23007700,-0.021411134937069587,-0.021643678627439995,0.011294149584740665,393.021044921875,12.592496120217277,0.03174365234845767,0.03258772164109452,-10.274933846580097,0.0,2.3175622736371793
2025-03-04,381.3555708063787,390.48661254503907,378.9683745181786,386.53778076171875,29342900,0.00030887307606852765,0.0003088253846001219,0.011047431742614624,391.17294921875,11.518238026860445,0.03020340833753932,0.029798479217639177,5.182209955340056,3.9488317833203155,2.387196288200073
2025-03-05,387.26388146240924,399.52815002362524,386.7367088462604,398.881591796875,23433100,0.03193429374699486,0.03143499618261255,0.014323704669196715,391.4295593261719,12.791441177364845,0.033030297400989304,0.03206826647412376,11.617710334465755,0.6465582267502441,0.5271726161488459
2025-03-06,392.17758313531544,400.00561314926756,390.586108729763,394.773681640625,23304600,-0.010298570404677632,-0.010351967607136501,0.014466096884479055,392.2969177246094,9.419504419504563,0.024018467206103653,0.023860517703101183,2.5960985053095555,5.23193150864256,1.5914744055524466
2025-03-07,390.2280267594304,392.6947831487431,383.4841811851977,391.2127380371094,22034100,-0.00902021530087016,-0.00906114375109742,0.014491176270976115,391.56484375,9.2106019635454,0.02360312774054949,0.02354371692946181,0.9847112776789686,1.482045111633738,6.743845574232694
2025-03-10,383.7825787420743,384.3395902213564,375.20854809150063,378.13287353515625,32840100,-0.03343414779278586,-0.034005847934470375,0.01659825022438836,389.90773315429686,9.131042129855757,0.023792226733648544,0.024147707773962728,-5.649705206918043,0.5570114792820959,2.9243254436556185
2025-03-11,376.9790454259089,383.9417190881288,374.900193646485,378.42132568359375,30380200,0.0007628327728841366,0.0007625419638474885,0.016535940379845227,388.28444213867186,9.041525441643842,0.02398415920287764,0.023892748183023005,1.4422802576848426,5.520393404535071,2.0788517794239283
2025-03-12,380.9080172396425,383.1659020465141,376.92934634163805,381.2262878417969,24253600,0.007412272955643173,0.0073849370581050445,0.016207441939535352,384.7533813476563,6.236555704876025,0.016372865423182708,0.016359196371746803,0.31827060215437086,1.939614204717202,3.9786708980044523
2025-03-13,381.11688044146297,383.2653663209318,375.4373363609022,376.7502746582031,20473000,-0.011741092695714661,-0.011810563636463961,0.016023048706681718,381.14869995117186,7.828029960029596,0.020539709369372657,0.020777768422680972,-4.366605783259843,2.148485879468808,1.3129382973009456
2025-03-14,377.7548866940246,388.1491759928466,377.48633735073093,386.4880676269531,19952800,0.025846810536725773,0.02551842813202982,0.017533519814851104,380.2037658691406,10.662838642115673,0.028226871491810513,0.027589050051624577,8.73318093292852,1.661108365893483,0.268549343293671
2025-03-17,384.6380144395121,390.61594671729495,383.51403507382423,386.6273498535156,22474300,0.00036037911187714045,0.00036031419092197087,0.017442740223816797,381.9026611328125,7.101911643470714,0.0184638839034657,0.01836888064479005,1.9893354140035058,3.988596863779321,1.1239793656878874
2025-03-18,385.0060336134189,385.3044217812384,379.06786623501773,381.4749450683594,19486900,-0.013326539850603947,-0.01341613506929411,0.017355629971296662,382.5133850097656,6.236555546220643,0.016198591714754042,0.016348532523159726,-3.5310885450595038,0.2983881678194962,2.407078833341643
2025-03-19,383.47421674907764,387.6020814133235,381.9523764633006,385.75201416015625,19185500,0.011211926620843915,0.011149538863096421,0.017626353070598066,383.4185302734375,5.649704950022908,0.014732946058065056,0.014645950617583212,2.277797411078609,1.8500672531672535,1.5218402857770457
2025-03-20,383.68311164841384,389.70086948967395,381.2362375881449,384.7772521972656,18470500,-0.002526913475780157,-0.0025301115102107264,0.01705544856517461,385.02392578125,8.46463190152906,0.02206151807193845,0.02199878462978746,1.094140548851783,4.9236172924083235,2.4468740602689536
2025-03-21,381.17650921899354,389.6510660283216,380.75873548145654,389.17364501953125,39675900,0.011425812719333184,0.011361031109212905,0.017058688937939895,385.5610412597656,8.892330546865082,0.023328642588927903,0.02284926191859371,7.997135800537706,0.4774210087903725,0.4177737375370043
2025-03-24,393.29158399443577,393.29158399443577,387.73139545576913,390.98394775390625,21004500,0.004651658090270017,0.004640872562899443,0.016106714265576482,386.43236083984374,5.560188538666637,0.014137573151693226,0.014221014879532444,-2.3076362405295185,0.0,3.252552298137118
2025-03-25,391.8195087441688,394.2464699747621,390.54633531859656,393.0528869628906,15775000,0.005291621870590513,0.005277670435085185,0.01614730894671132,388.74794921875,3.700134656165517,0.009443467141350153,0.009413834063798285,1.233378218721839,1.1935830118714534,1.2731734255722245
2025-03-26,392.89374127883343,393.2020858372719,386.49803525659746,387.89056396484375,16108400,-0.013133914466157526,-0.013220927037634,0.014150995057230048,389.1756591796875,6.704050580674448,0.017063266416139315,0.01728335567678843,-5.003177313989681,0.30834455843847763,1.3925287082462887
2025-03-27,388.04970169840396,390.1484359049866,385.33424804034394,388.4972839355469,13766800,0.001564152436454025,0.0015629304241415246,0.01397373450683911,389.91966552734374,4.81418786464269,0.012406111494409353,0.012391818588470188,0.44758223714291034,1.651151969439752,2.715453658060028
2025-03-28,386.01060482786494,387.05502406399853,374.920066699825,376.78009033203125,21632000,-0.030160297350906418,-0.030624476141755178,0.01583935299821285,387.4409545898437,12.134957364173545,0.03143684969376665,0.03220700264039911,-9.230514495833688,1.0444192361335922,1.8600236322062642
2025-03-31,370.5534967757106,375.0593400396717,365.28173999012597,373.3883056640625,35184700,-0.009002027323099293,-0.00904279038895328,0.013419964773100928,383.921826171875,9.777600049545754,0.02638647357162564,0.026186144293288773,2.8348088883519154,1.6710343756092243,5.271756785584614
2025-04-01,372.65223585591366,380.80852287787553,371.2398247656492,380.15203857421875,19689500,0.018114474415922288,0.01795236211660503,0.01427355960656702,381.34165649414064,9.568698112226343,0.025677286197542337,0.025170713665285803,7.499802718305091,0.6564843036567822,1.4124110902644702
2025-04-02,375.95454781806535,383.0266205201498,374.6117403662579,380.1023254394531,16092600,-0.0001307717168953504,-0.00013078026826184632,0.0141385232907959,379.7840087890625,8.414880153891886,0.022382706108303486,0.022138460069043436,4.147777621387775,2.924295080696652,1.3428074518074595
2025-04-03,372.79148704012755,375.4671453752222,367.38049274092737,371.12042236328125,30198000,-0.02363022395558223,-0.02391389542377379,0.015157326875033334,376.3086364746094,8.086652634294808,0.021692160136222088,0.02178983463857715,-1.6710646768462993,2.6756583350946244,3.739929622353884
2025-04-04,362.1883363320907,372.5925514540549,357.5631378295283,357.92120361328125,49209900,-0.03556586475610224,-0.036213737984330814,0.015808420221202806,372.5368591308594,15.029413624526626,0.041496128165613114,0.04199084455685188,-4.267132718809478,10.404215121964171,0.35806578375297704
2025-04-07,349.00902084094025,369.021730877009,342.9514979578054,355.9517822265625,50425000,-0.005502388142521575,-0.0055175820409396874,0.015735574606805622,369.0495544433594,26.070232919203647,0.0746978770244597,0.07324091132829334,6.942761385622248,13.06994865044652,6.0575228831348795
2025-04-08,366.2963003111999,371.657542893924,348.38232711080923,352.6693420410156,35868900,-0.009221586600899778,-0.009264368645956865,0.015622704075191023,363.5530151367187,23.27521578311479,0.06354204441415463,0.06599727565887445,-13.626958270184275,5.361242582724117,4.2870149302063965
2025-04-09,351.65482301024804,391.13318598606264,351.2171667990214,388.40777587890625,50199700,0.10133694534109572,0.09652484665330896,0.03049300373598094,365.2141052246094,39.91601918704123,0.11350909066268652,0.10276833180468002,36.75295286865821,2.7254101071563923,0.43765621122662424
2025-04-10,380.02270330397937,381.852888057324,365.8387335220006,379.3164978027344,38024400,-0.02340652953097999,-0.023684813359910215,0.031123730587663656,366.8533203125,16.01415453532337,0.042139994258484297,0.04221844983829736,-0.7062055012449946,1.8301847533446107,13.477764280733766
2025-04-11,378.61031016462425,387.97010607095405,376.86964177115533,386.378662109375,23839200,0.01861813115841149,0.018446935386927366,0.03137672705171668,372.54481201171876,11.100464299798716,0.029318969932361594,0.02872949618697222,7.768351944750748,1.5914439615790457,1.7406683934689227
2025-04-14,391.1232211496066,392.54558862795363,382.1612557582716,385.7420654296875,19251200,-0.0016475979191296064,-0.0016489567012706835,0.031345408828285584,378.50286865234375,10.384332869682055,0.026550029014283445,0.02692040562938007,-5.381155719919093,1.4223674783470415,3.5808096714159205
2025-04-15,386.4383315419063,389.80031299588615,382.11152127039287,383.67315673828125,17199900,-0.0053634510643832956,-0.0053778860052446096,0.0313161380776803,384.70363159179686,7.6887917254932745,0.019896555537890485,0.02003995221051679,-2.7651748036250297,3.3619814539798654,1.5616354678883795
2025-04-16,378.6401344902522,379.5750941222194,366.03768244767394,369.62841796875,21967800,-0.036605997899174736,-0.037292810567463135,0.03254624836040738,380.9477600097656,13.537411674545467,0.03575271198540623,0.03662438009755511,-9.011716521502194,0.9349596319672173,3.5907355210760556
2025-04-17,371.757014425277,372.32398224080106,364.9336092793292,365.81884765625,21120200,-0.010306486534328307,-0.010359966141919535,0.03256681133502943,378.24822998046875,7.390372961471883,0.019879579065635478,0.020202275002561963,-5.938166769027021,0.5669678155240376,0.8852383769208245
2025-04-21,360.88536094814043,362.53651305850417,353.7734925946294,357.205078125,20807300,-0.023546543832930422,-0.02382819373677751,0.03221546887519637,372.41351318359375,8.763020463874795,0.024282005900300427,0.02453218333253446,-3.6802828231404305,1.6511521103637392,3.4315855303706257
2025-04-22,361.44235434917846,365.80892977570767,357.94110461161955,364.864013671875,19485000,0.021441284057543086,0.021214653503614796,0.03278959247767823,368.23790283203124,7.867825164088117,0.02176785611707047,0.021563719274227226,3.4216593226965415,0.9449161038326679,3.501249737558908
2025-04-23,374.05472426245655,378.3616523034824,371.0309260243866,372.3936462402344,20545500,0.02063681888653135,0.020426764723584782,0.032900694441006816,365.98200073242185,7.330726279095813,0.019598004793416775,0.019685422544418758,-1.6610780222221706,4.306928041025856,1.3627202158477871
2025-04-24,373.696621578229,386.37863321068227,373.18933139938025,385.2347412109375,22232300,0.03448258341770738,0.03390138231278414,0.03414257774870185,369.1032653808594,13.189301811302016,0.0352941424934477,0.03423705185530019,11.538119632708515,1.143891999744767,0.5072901788487343
2025-04-25,384.93638434344297,390.068873110604,382.54918803088736,389.7605285644531,18973200,0.011748128788409362,0.011679655291929304,0.033526584319147845,373.8916015625,7.5196850797166235,0.019534877412386943,0.01929309031731037,4.824144221010158,0.30834454615086315,2.387196312555602
2025-04-28,389.86991018310994,390.6457497092271,384.5783015368256,389.0741882324219,16579400,-0.0017609282667979675,-0.0017624805235211918,0.03176237982154764,380.2654235839844,6.067448172401498,0.015562750584039184,0.01559457901837728,-0.795721950688062,0.7758395261171813,4.495886695596255
2025-04-29,389.2134328165618,392.99318803647833,388.2983555925269,391.9388427734375,14974000,0.007362746303037682,0.007335773601002335,0.03161510877956737,385.6803894042969,4.694832443951441,0.01206235974431062,0.011978482180357193,2.725409956875694,1.0543452630408296,0.915077224034917
2025-04-30,388.21877036685504,394.54487238441686,382.39003252749313,393.15234375,36461100,0.0030961487970304624,0.0030913655987962678,0.03133698962537168,389.83212890625,12.15483985692373,0.03130925340224475,0.03091636117691014,4.93357338314496,1.3925286344168626,5.8287378393619065
2025-05-01,428.81116623183453,434.65981700987567,422.6342884776108,423.1316223144531,58938100,0.07625359238228668,0.07348611462395332,0.02689885652009227,397.4115051269531,12.025528532264843,0.028043879169329523,0.028420302095332386,-5.679543917381409,5.848650778041133,0.4973338368423015
2025-05-02,429.43779144193553,437.0967443095362,427.69712309519423,432.95892333984375,30757400,0.023225163299393836,0.022959563727747614,0.025937100172118577,406.0511840820312,9.399621214341948,0.021888202206844842,0.02171019167784625,3.5211318979082193,4.137820969692427,1.7406683467413018
2025-05-05,430.5617862640975,437.15643772408293,429.80582912695047,433.8442077636719,20136100,0.002044730749510837,0.002042643132850122,0.025847792823532376,415.00518798828125,7.350608597132464,0.0170721342014866,0.01694296815675493,3.2824214995743546,3.3122299604110594,0.7559571371470497
2025-05-06,429.8953841273505,435.39589519237757,428.8708776295015,430.99945068359375,15104200,-0.006557093604503628,-0.006578685782484525,0.026006341093537742,422.8173095703125,6.525017562876087,0.015178152182585756,0.015139271181267113,1.1040665562432537,4.396444508783816,1.0245064978490177
2025-05-07,431.5266230555768,435.7837995157977,428.8111693588705,431.03924560546875,23295300,9.233172295664005e-05,9.232746064547032e-05,0.02585232098142045,430.3946899414062,6.9726301569272096,0.016158053256494435,0.016176323218858996,-0.4873774501080561,4.257176460220876,2.2280762465982775
2025-05-08,435.59484674174973,441.3042603502225,433.3369618444988,435.8335876464844,23491300,0.011122750630934153,0.011061347733338665,0.02264952051609973,432.9350830078125,7.967298505723704,0.01829061699264606,0.018280597759221303,0.23874090473464094,5.470672703738103,2.2578848972509604
2025-05-09,437.6537503899646,438.38979471116045,433.55572467490674,436.3905334472656,15324200,0.0012778863689435482,0.001277070567085005,0.022057779557527985,433.62140502929685,4.834070036253706,0.011045421253551199,0.011077394365242035,-1.263216942698989,0.7360443211958341,2.8348087723588833
2025-05-12,443.5621064267163,446.9738092745622,437.43494989219903,446.8644104003906,22821900,0.02400115527343516,0.023717654813393652,0.019887904011876407,436.22544555664064,9.53885938236317,0.021505126890137415,0.021346205158330578,3.302303973674327,0.10939887417157479,6.127156534517269
2025-05-13,445.392292323668,448.2668964878236,442.9851831830833,446.74505615234375,23618800,-0.00026709275849456926,-0.0002671284341179979,0.020174382011769045,439.37456665039065,5.281713304740322,0.011858564676063329,0.011822656416681674,1.3527638286757337,1.521840335479851,2.407109140584737
2025-05-14,445.75038756339603,451.4796527444761,445.75038756339603,450.5247802734375,19902800,0.00846058410505357,0.008424993964706818,0.020117855996602877,443.27167358398435,5.729265181080052,0.012853079528203927,0.01271687026316906,4.774392710041468,0.9548724710385841,0.0
2025-05-15,449.1894577663049,454.5904670438241,448.8506535548848,451.54119873046875,21992300,0.0022560766944148547,0.002253535574645681,0.019381304259206464,446.41319580078124,5.739813488939319,0.012778157166648181,0.012711605286687237,2.3517409641638665,3.0492683133553555,0.3388042114200971
2025-05-16,450.4649981824022,452.7668963665248,447.1566619661563,452.6772155761719,23849800,0.0025158653272328024,0.0025127058361868737,0.01948863807567299,449.6705322265625,5.610234400368483,0.012454318144595971,0.012393454336392265,2.212217393769663,0.08968079035292931,3.308336216245891
2025-05-19,449.29907263869796,457.9785240250479,449.2193361148497,457.26104736328125,21336500,0.010126049267301873,0.010075124320893698,0.01921711186046286,451.74985961914064,8.759187910198193,0.01949522810887673,0.019155770999315543,7.9619747245832855,0.7174766617666251,0.07973652384828256
2025-05-20,453.9925667897047,456.73292449884485,452.72703072274504,456.56353759765625,15441800,-0.0015254082315715456,-0.00152657285120561,0.01946473301994347,453.71355590820315,4.005893776099811,0.008823699040771725,0.008774011602367553,2.5709708079515394,0.16938690118860222,1.265536066959669
2025-05-21,452.97614166677727,456.17487788050977,450.2258093649285,450.983154296875,19216900,-0.012222577672636903,-0.012297887659034713,0.020254311366809535,453.80523071289065,5.949068515581246,0.013133293276089489,0.013191332001871336,-1.9929873699022664,3.198736213732502,0.7573449319464771
2025-05-22,453.3548479183862,458.63625267798704,452.30851122486644,453.26513671875,18025600,0.005060016987625149,0.005047258123613586,0.009668067063044178,454.1500183105469,6.327741453120609,0.013957590797087364,0.013960353313135923,-0.08971119963621277,5.281404759600832,0.9566254938835641
2025-05-23,448.40228199038245,452.0992653985463,447.3360263474386,448.6015625,16883500,-0.010288843859711516,-0.010342139898617026,0.008944059417212005,453.3348876953125,4.763239051107746,0.010622691369822043,0.010617972493369873,0.19928050961755162,3.497702898546322,1.0662556429438723
2025-05-27,454.87944662996904,459.3337746022176,454.52069309116933,459.0746765136719,20974300,0.02334613806360042,0.023077785618445402,0.010417415036903362,453.69761352539064,4.813081511048267,0.01058100458639444,0.01048431063024433,4.195229883702837,0.259098088545727,0.3587535387997036
2025-05-28,459.60285995745147,460.89828970025724,455.3278931492698,455.7563781738281,17086300,-0.00722823215831403,-0.007254482400099014,0.010466705496772272,453.536181640625,5.570396550987425,0.012120021514885948,0.012222311782684132,-3.8464817836233465,1.2954297428057657,0.42848502455831294
2025-05-29,459.93167902845283,460.10109634693043,453.71356774793736,457.0717468261719,13974800,0.0028861223130092206,0.0028819654582133056,0.010422267486570424,454.7539001464844,6.387528598993072,0.013887994435360299,0.01397489265820296,-2.859932202280959,0.1694173184775991,3.358179078234514
2025-05-30,458.1080789456966,460.06119805700706,453.942742633105,458.7458190917969,34770500,0.0036626028129052024,0.0036559118158888404,0.010232962598263517,455.85003662109375,6.1184554239020486,0.013355921244574515,0.013337354084261902,0.6377401461002705,1.3153789652101864,4.165336312591592
2025-06-02,455.53716828611505,460.48971303831235,455.2880448481698,460.3502197265625,16626500,0.0034973629578618493,0.0034912614061212255,0.010215864320520145,458.19976806640625,5.201668190142527,0.011418756914420316,0.011299371581124039,4.8130514404474525,0.13949331174984536,0.2491234379452294
2025-06-03,459.85196958801225,462.5126212670428,459.24409259023946,461.3467102050781,15743800,0.002164635609618104,0.0021622961613839056,0.008560227789628467,458.6541748046875,3.268528676803328,0.007107784445789475,0.007084755574284684,1.4947406170658724,1.165911061964664,0.6078769977727916
2025-06-04,462.3730793208357,464.05715611586317,461.3965045417047,462.2435302734375,14162700,0.001943917770565129,0.001942030807420834,0.00853507492820504,459.95160522460935,2.6606515741584644,0.0057543392839103135,0.005755952003448423,-0.12954904739819995,1.6840767950274653,0.8470257317327992
2025-06-05,463.3296970825432,468.00325491639626,462.4029652503908,466.0401611328125,20131700,0.008213486205267406,0.008179939094749872,0.008522685021969153,461.7452880859375,5.6002896660054375,0.012087050973138322,0.01201675334673456,2.7104640502693087,1.9630937835837585,0.9267318321523703
2025-06-06,468.4417212017894,471.6803257365932,467.1363168836836,468.730712890625,15285600,0.00577321866697611,0.00575661750420405,0.008570437987033558,463.7422668457031,4.544008852909599,0.009700265043113417,0.009694284432285347,0.28899168883560833,2.949612845968204,1.3054043181057864
2025-06-09,468.05311353771793,471.77001565920176,466.9768832876908,471.0924072265625,16469900,0.00503848856281075,0.005025837855148358,0.008595425054561076,465.8907043457031,4.793132371510978,0.010240573629096745,0.010174505676560006,3.039293688844566,0.6776084326392606,1.0762302500271517
2025-06-10,469.53787169847936,471.14221196784314,465.3226923748716,469.2688293457031,15375900,-0.003870955788897623,-0.003878467329083407,0.008489823056864769,467.4751281738281,5.819519592971517,0.0123941431431725,0.012401248983627605,-0.2690423527762391,1.6043402693637745,3.9461369708315033
2025-06-11,468.37197033665615,473.80287330978865,468.01324719222674,470.9628601074219,16399200,0.003609936684012771,0.003603436501383002,0.008452594541697061,469.218994140625,5.789626117561909,0.012361171214836883,0.012293169181623691,2.5908897707657275,2.8400132023667766,0.3587231444294048
2025-06-12,473.3544415367432,478.73553201697933,471.8597009390277,477.1909484863281,18950600,0.01322416034564955,0.013137484445023209,0.007897408312244962,471.44915161132815,6.875831077951659,0.014525755912692617,0.014408972131097866,3.8365069495849298,1.5445835306512095,1.49474059771552
2025-06-13,474.7395752703882,477.4998519181197,471.1023792861798,473.2946472167969,16814500,-0.008165077904118911,-0.008198594722346929,0.00846410112495567,472.3619384765625,6.397472631939877,0.013475751686166448,0.013516892002815018,-1.4449280535912976,2.76027664773153,2.1922679306170494
2025-06-16,473.5437784887318,479.00457509504827,473.3345233196989,477.46002197265625,15626100,0.00880080681316353,0.00876230544339521,0.007738191543633821,473.6354614257813,5.67005177534935,0.011973659105911517,0.011875448235274595,3.916243483924461,1.544553122392017,0.2092551690328719
2025-06-17,473.7331030955977,477.06138843382047,472.4177241014044,476.3638610839844,15414100,-0.00229581711185578,-0.002298456540498782,0.005849470898481438,475.0544677734375,4.643664332416051,0.009802279600205552,0.00974814571753872,2.6307579883866765,0.6975273498360934,1.3153789941932814
2025-06-18,476.3239856832242,479.313466764918,472.7963894918646,478.5561218261719,17526500,0.004602071906124383,0.0045915147506775,0.0052080722313338065,476.5731201171875,6.517077273053417,0.013682026244606443,0.013618208974496506,2.232136142947695,0.7573449387461437,3.527596191359578
2025-06-20,480.53918652379775,481.76485435953526,475.1979642712812,475.7261047363281,37576200,-0.005913657689811558,-0.005931212606842353,0.005724594696419411,476.2801513671875,6.56689008825407,0.013665670297897458,0.013803930503022907,-4.813081787469628,1.2256678357375108,0.5281404650469312
2025-06-23,476.53323466530253,486.0397928967888,470.8532389300749,484.2959289550781,24864000,0.018014197945895427,0.01785386493273932,0.006943773008613717,478.48040771484375,15.186553966713916,0.031868824379857434,0.03135800459747944,7.762694289775595,1.7438639417106856,5.679995735227635
2025-06-24,487.23560408546166,490.1254297173699,485.0931183138473,488.3915100097656,22305600,0.008456773658048533,0.008421215478701553,0.007053390251496414,480.6667053222656,5.032311403522613,0.010328291613598788,0.010303847016959793,1.1559059243039655,1.7339197076042865,2.1424857716143606
2025-06-25,490.314771223071,492.82592441237585,487.6740689863978,490.5439453125,17495100,0.004407192300888596,0.004397509069052182,0.00703669726182492,483.5027221679687,5.151855425978056,0.010507240916130171,0.010502332105426513,0.22917408942902284,2.281979099875855,2.640702236673178
2025-06-26,491.2514824256969,496.29373818928514,491.08206511354325,495.705810546875,21578900,0.010522737633804846,0.010467758977812507,0.007193303463171786,486.9326599121094,5.211673075741885,0.010608971702248582,0.010513641286536942,4.454328121178094,0.5879276424101363,0.16941731215365508
2025-06-27,495.80545117387857,497.54931522943417,491.30131038962224,494.20111083984375,34539200,-0.00303546917348263,-0.003040085554322292,0.0073819544530823655,490.6276611328125,6.248004839811927,0.012601726796304941,0.012642636171323223,-1.6043403340348164,1.7438640555556049,2.8998004502215053
2025-06-30,495.2972567719388,499.0042146991214,493.5932305818623,495.66595458984375,28369000,0.002964064057870308,0.0029596798811845773,0.007367325740081207,492.90166625976565,5.4109841172590905,0.010924720545647188,0.01091659426505619,0.3686978179049447,3.3382601092776554,1.7040261900764904
2025-07-01,494.7292533047111,496.30370004913976,489.2585123483102,490.3247375488281,19945400,-0.010775840042182017,-0.010834319898983683,0.008252247567589384,493.28831176757814,7.045187700829558,0.014240491448138244,0.014368411710265741,-4.404515755882983,1.5744467444286556,1.0662252005179198
2025-07-02,488.2719538404123,491.76965656989233,486.98649882219644,489.36810302734375,16319600,-0.0019510223495283752,-0.0019529280727750785,0.008157579539481178,493.0531433105469,4.7831577476958955,0.009796093570549889,0.009774151028859831,1.0961491869314273,2.4015535425485837,1.2854550182158846
2025-07-03,492.07857999859937,498.3764278450543,491.7098821739863,497.0909423828125,13984800,0.015781247914797625,0.015658018803898992,0.008810459812878658,493.3301696777344,6.666545671068036,0.013547725794296943,0.013411118776600223,5.012362384213134,1.2854854622418088,0.3686978246130934
2025-07-07,495.6360493014733,497.0012408266234,493.4935938943106,495.974853515625,13981600,-0.0022452408041021554,-0.002247765136433476,0.008511246221762745,493.68491821289064,3.5076469323128094,0.007077061761864025,0.007072227366870538,0.3388042141517076,1.026387310998416,2.142455407162686
2025-07-08,495.4965138505155,496.4531696907806,492.3774837277821,494.8786926269531,11846600,-0.0022101138412601307,-0.002212559747340906,0.008100498578208383,493.5274658203125,4.075685962998534,0.008225458401969933,0.008235727307966453,-0.6178212235623732,0.956655840265114,2.501208899171047
2025-07-09,498.54580110123976,505.003091421344,497.98776704512187,501.74456787109375,18659500,0.013873855040504202,0.013778494117145214,0.008452466072250656,495.8114318847656,7.015324376222111,0.014071574488694788,0.013981864130563862,3.1987667698539894,3.2585235502502314,0.55803405611789
2025-07-10,501.2861517097084,502.67129257213526,496.0047471787155,499.7216796875,16492100,-0.004031709186562593,-0.0040398584370253485,0.008546398190395032,497.88214721679685,6.666545393419767,0.013298882027126735,0.013340516660371187,-1.564472022208406,1.3851408624268515,3.7169325087845095
2025-07-11,496.72223609239006,503.25923259786794,496.054571905536,501.55523681640625,16459500,0.003669156659468653,0.003662441724592319,0.008538888832786931,498.77500610351564,7.204660692331913,0.014504405417823595,0.014364640548991359,4.833000724016188,1.7039957814616855,0.66766418685404
2025-07-14,499.7615155353931,502.2029372942231,499.273243347857,501.2562561035156,12058800,-0.0005961072498981146,-0.0005962849924640699,0.008240431003107217,499.83128662109374,2.9296939463661147,0.005862183972344373,0.0058447030050854795,1.4947405681225518,0.9466811907074657,0.48827218753609714
2025-07-15,501.2562471634966,506.51773265302506,501.027073076573,504.04644775390625,14927200,0.005566397658714584,0.005550962519524451,0.007262325984855352,501.6648376464844,5.49065957645206,0.010953797798077421,0.010893161931641663,2.790200590409654,2.471284899118814,0.2291740869235923
2025-07-16,503.40867779230757,504.94328659833275,500.13023542973804,503.8471374511719,15154400,-0.00039542050861096634,-0.00039549870791536667,0.007118519318483193,502.0853515625,4.813051168594711,0.00956092213130351,0.009552601991434649,0.4384596588643035,1.0961491471608724,3.2784423625695354
2025-07-17,503.9069415603956,511.5699807689203,503.84715436950415,509.9058532714844,17503100,0.012024908687507718,0.011953183889947622,0.007548766397383883,504.1221862792969,7.722826399416135,0.0153258980229597,0.015145592759658603,5.998911711088795,1.6641274974359135,0.059787190891427144
2025-07-18,512.6760872301095,512.8355602906365,505.6508184267905,508.2616271972656,21209700,-0.003224567954397073,-0.003229778076920942,0.007352469828556203,505.4634643554688,7.184741863846,0.014014193450417751,0.014135912450178872,-4.414460032843863,0.15947306052703425,2.610808770475103
2025-07-21,504.9333159392007,510.29448733980524,503.77737959397786,508.2715759277344,14066800,1.9574034191061074e-05,1.9573842622153666e-05,0.007254324244673894,506.8665283203125,6.5171077458273885,0.012906868174672232,0.012822097584213495,3.3382599885336504,2.0229114120708687,1.1559363452228695
2025-07-22,509.1784090675831,509.40761357627605,503.4983825683594,503.4983825683594,13868600,-0.009391029491788161,-0.009435403237857107,0.007806471188904407,506.7569152832031,5.909231007916674,0.011605423369654982,0.011736345562370073,-5.680026499223743,0.22920450869293063,0.0
2025-07-23,504.97320231513,505.01307057965715,498.9444273574923,504.0962829589844,16396600,0.0011874921773831204,0.001186787666226615,0.0070833643117782915,506.80674438476564,6.068643222164837,0.012017753010144256,0.01203865893742091,-0.8769193561456063,0.03986826452717196,5.151855601492059
2025-07-24,506.98609704492156,511.86891017220256,505.5212500656798,509.0887145996094,16107000,0.009903726350291686,0.00985500586462997,0.007284225073959227,506.6433166503906,6.347660106522767,0.012520382991804866,0.012468671813939358,2.1026175546878108,2.780195572593186,1.46484697924177
2025-07-25,510.67314061143924,516.4727417364818,508.57055332296227,511.9088439941406,19125700,0.005539563761002286,0.005524276807057121,0.0064071272837432905,507.3727600097656,7.902188413519525,0.015474063123934961,0.015436710082723194,1.235703382701388,4.563897742341169,2.1025872884769683
2025-07-28,512.2775105607909,513.1942677567645,508.3313735189307,510.7030334472656,14308000,-0.002355518098626219,-0.002358296695597241,0.006412371499427834,507.8590515136719,4.862894237833757,0.00949269514586018,0.009521960746951176,-1.5744771135252904,0.9167571959735596,2.371659928334907
2025-07-29,513.7224399565682,515.8050777848653,509.7663282358281,510.7727966308594,16469200,0.0001366022502800046,0.00013659292104220076,0.006331602535688609,509.3139343261719,6.038749549037163,0.011754887618979033,0.01182277049378851,-2.9496433257088484,2.082637828297038,1.006468395031277
2025-07-30,513.3636552782116,514.1409495778635,507.6537656967309,511.4404296875,26380400,0.0013071037867413704,0.0013062502702621708,0.005446542867089209,510.782763671875,6.48718388113258,0.012636624767713493,0.012684143655002743,-1.9232255907115814,0.777294299651885,3.7866639907691138
2025-07-31,553.2831833968122,553.5024436401114,530.0350289229713,531.62939453125,51617300,0.03947471430071703,0.0387155031530411,0.010911651196828315,515.2908996582031,23.467414717140173,0.04241483461157258,0.04414243260162832,-21.653788865562206,0.21926024329923166,1.5943656082787356
2025-08-01,533.1241706958108,533.9213535531813,519.0337340919326,522.2723388671875,28977600,-0.01760071162414345,-0.017757445962631582,0.012291099894380614,517.3635986328125,14.887619461248732,0.0279252382082359,0.0285054718646216,-10.85183182862329,0.7971828573705579,3.2386047752548848
2025-08-04,526.4177481275262,536.3627358241171,526.2782244119826,533.7619018554688,25349000,0.021999179610396657,0.021760689051637333,0.013186007851178388,521.9753723144531,10.084511412134475,0.01915686058839238,0.018893276903200827,7.344153727942512,2.600833968648317,0.13952371554364618
2025-08-05,535.2964641743647,535.41603854948,525.3913146279989,525.8995361328125,19171600,-0.014730099123457463,-0.014839664302042262,0.014057790914032652,525.0007202148438,10.024723921481154,0.018727424132986153,0.01906205127161298,-9.3969280415522,0.11957437511534863,0.508221504813605
2025-08-06,529.0385508551038,529.8357336828143,522.1926437275052,523.0994262695312,21355700,-0.0053244197244816105,-0.005338644963747344,0.014196049033646673,527.33251953125,7.643089955309051,0.01444713233649089,0.014611161036469741,-5.939124585572586,0.7971828277104578,0.9067825420260078
2025-08-07,524.9529190734887,526.2384349946553,515.7353514691818,519.0138549804688,16079100,-0.0078103149877235545,-0.00784097524635325,0.014174519896585873,524.8094116210938,10.503083525473585,0.020007667628576892,0.020236614927878625,-5.939064093019965,1.2855159211666205,3.278503511286999
2025-08-08,520.7676288144971,522.8204035830947,517.5888112007746,520.2095947265625,15531000,0.0023038686436198663,0.002301218807392315,0.014123451697848252,524.3968627929687,5.231592382320173,0.01004592469433948,0.010056701059252958,-0.5580340879346295,2.052774768597601,2.6207835257879424
2025-08-11,520.4686618064882,525.7401525514866,517.8976909591346,519.9405517578125,20194400,-0.0005171818656889426,-0.0005173156503593669,0.014128284100818162,521.6325927734375,7.842461592352038,0.015068076462340183,0.015083381293954244,-0.5281100486756714,5.271490744998459,2.042860798677907
2025-08-12,521.9135974657331,529.1182277589118,520.8672912006765,527.3843383789062,18667000,0.014316610997022305,0.01421509607437297,0.014138833172011738,521.9295532226563,8.250936558235253,0.0158090086142601,0.015645016277118298,5.470740913173131,1.7338893800055075,1.0463062650566144
2025-08-13,530.2443026581628,530.8322607629538,517.5489813455309,518.7547607421875,19619200,-0.016362976692187448,-0.016498328734609494,0.015018844805071378,521.0606201171875,13.283279417422818,0.02505124402248649,0.025606086772906527,-11.489541915975337,0.5879581047909141,1.2057793966565669
2025-08-14,520.7277467800332,524.1058750288076,518.3162490497452,520.6480102539062,20269100,0.0036496041193145867,0.003642960473744946,0.014869044434897323,521.387451171875,5.789625979062407,0.011118335857582163,0.011120038615414971,-0.07973652612690785,3.3781282487744875,2.331761204161012
2025-08-15,520.9370505811125,524.255330935539,517.2599862571353,518.3461303710938,25213300,-0.004421182521546441,-0.004430984851587565,0.014898584681195393,521.0147583007813,6.995344678403626,0.013428387692140963,0.013495508635119021,-2.590920210018794,3.318280354426406,1.0861441139584258
2025-08-18,519.7611730136332,520.9868407954262,512.2177084457264,515.286865234375,23760600,-0.0059019735220721126,-0.005919459000966554,0.014981217316677287,520.0840209960937,8.769132349699817,0.01687146482846229,0.017017962112640367,-4.474307779258197,1.2256677817930495,3.06915678864857
2025-08-19,513.1942782099028,513.3536904476517,506.7668813962475,507.98260498046875,21481000,-0.014175133788019156,-0.01427656063055077,0.015467108621093992,516.2036743164062,6.586809051404202,0.01283492301274278,0.012966603554579308,-5.211673229434041,0.15941223774893842,1.215723584221223
2025-08-20,508.0822507382742,509.2082935133009,502.6712971096552,503.9468078613281,27723000,-0.007944754563585454,-0.007976482283820863,0.015580743540970091,513.2420837402344,6.536996403645674,0.012866020007876722,0.012971599981727575,-4.135442876946058,1.12604277502669,1.2755107516729254
2025-08-21,502.74904380636957,506.68168580920974,501.7808546744913,503.2980041503906,18443300,-0.0012874448271453787,-0.0012882742962437505,0.011071156496568887,509.77208251953124,4.90083113471843,0.009748066545514808,0.009737434073460009,0.5489603440210544,3.383681658819114,0.9681891318782618
2025-08-22,503.3079962424447,509.77590173606455,501.471437254012,506.2824401855469,24324200,0.005929759328559658,0.005912247498901862,0.010593455069039541,507.3593444824219,8.304464482052538,0.016499766632064906,0.016402829375257503,2.9744439431021874,3.4934615505176794,1.836558988432671
2025-08-25,505.6835608535286,507.2406441544574,503.1782400793436,503.3179931640625,21638600,-0.005855322614779834,-0.00587253222768058,0.008309140280108424,504.9655700683594,4.062404075113818,0.008033490486139206,0.00807124746241613,-2.365567689466104,1.5570833009288094,0.13975308471890457
2025-08-26,503.4177851675948,504.0366525259624,497.5787379824689,501.1021423339844,30835700,-0.004402486817823403,-0.0044122062999990335,0.007747069748567602,503.5894775390625,6.457914543493473,0.012828141424013345,0.012887421541273866,-2.3156428336104113,0.618867358367595,3.5234043515154667
2025-08-27,501.06219963605827,506.34232576675964,498.96611661319633,505.7933349609375,17277900,0.00936174929347322,0.009318199707767025,0.008360775694464011,503.9587829589844,7.376209153563309,0.01472114471800297,0.014583444746524734,4.731135324879233,0.5489908058221431,2.096083022861933
2025-08-28,506.1426727693108,510.1352001425548,504.5556467937143,508.68792724609375,18015600,0.005722875500879798,0.005706562059152193,0.008444167805905518,505.036767578125,5.579553348840534,0.011023677016428087,0.010968519302289731,2.5452544767829295,1.4472728964610724,1.5870259755965321
2025-08-29,507.7097597194238,508.64800611235046,503.5475364264987,505.7434387207031,20961600,-0.005788398677616269,-0.0058052163870483,0.00845390351401179,504.92896728515626,5.100469685851749,0.010046034349763982,0.010085093142787136,-1.9663209987206756,0.9382463929266578,2.1959022942044157
2025-09-02,499.53505401941584,505.0547219959289,495.88188775050133,504.1763610839844,18128000,-0.0030985624661443723,-0.0031033729504502125,0.008450493984474429,505.10064086914065,9.172834245427566,0.01836274385875438,0.01819370155654636,4.641307064568537,0.8783609119445259,3.6531662689145037
2025-09-03,502.8488615493355,506.8413890153064,501.3816064871684,504.40594482421875,16345100,0.00045536395189338386,0.0004552603051924957,0.007214975951114676,505.7614013671875,5.459782528137964,0.010857700883155514,0.01082418354533996,1.5570832748832686,2.4354441910876403,1.4672550621670553
2025-09-04,503.3578996917829,507.20071355848035,502.2100541109688,507.02105712890625,15509500,0.0051845390236209266,0.005171145573807328,0.006440581275450399,506.00694580078124,4.9906594475115185,0.0099147335336694,0.009843100946875825,3.6631574371233455,0.179656429574095,1.147845580814078
2025-09-05,508.11900990545524,511.0135863020471,491.4501951138555,494.0752868652344,31994800,-0.02553300317935414,-0.025864627390316836,0.008817125142160168,503.08441772460935,19.563391188191588,0.038501592750548166,0.03959597192629423,-14.043723040220868,2.8945763965918445,2.625091751378875
2025-09-08,497.1794589519428,500.26371328397477,494.10522614671714,497.2693176269531,16771000,0.006464664083856375,0.006443857765429145,0.009174297589196953,501.38959350585935,6.158487137257623,0.01238684950951061,0.012384611153261749,0.08985867501030498,2.9943956570216415,3.0742328052256767
2025-09-09,500.4932596555404,501.3117351050236,496.77024724997165,497.4789123535156,14410500,0.0004214913712405899,0.0004214025687047002,0.009164766562785696,500.05010375976565,4.541487855051969,0.009074024010188676,0.009129005757383185,-3.0143473020247598,0.8184754494832305,0.7086651035439786
2025-09-10,502.04038173392,502.2899147028095,495.7920664455459,499.43524169921875,21611800,0.003932486980097183,0.00392477496482748,0.008663357118490806,499.05596313476565,6.49784825726357,0.012942879683944251,0.013010391968248112,-2.6051400347012645,0.24953296888946852,3.643175253672837
2025-09-11,501.31173995388707,502.2300346920423,496.9499084839274,500.0740661621094,18881600,0.001279093683331567,0.0012782763399045002,0.008468394172002734,497.66656494140625,5.280126208114893,0.010532620298500456,0.010558688333186291,-1.237673791777695,0.9182947381552253,3.124157678181973
2025-09-12,505.70352006176233,511.59249216822343,502.9087629314118,508.94744873046875,23624900,0.01774413665651453,0.01758854730011585,0.009663444456972963,500.6409973144531,8.683729236811644,0.017171581553854096,0.017062133346915392,3.243928668706417,2.64504343775468,2.794757130350547
2025-09-15,507.8395136770829,514.5069966795595,506.05284913244947,514.397216796875,17143800,0.010707919019930845,0.010650995251252678,0.00991855937740711,504.0665771484375,8.45414754711004,0.016647281905845815,0.016435056938592284,6.557703119792109,0.10977988268450645,1.7866645446334246
2025-09-16,515.9144004162443,516.2637221986186,507.64986983793983,508.08905029296875,19711900,-0.012263220518934581,-0.012339034259009753,0.010371584833487235,506.1886047363281,8.61385236067872,0.01669628208425465,0.01695343041876595,-7.825350123275598,0.3493217823742043,0.439180455028918
2025-09-17,509.6660849144807,510.33484666258875,504.9848440594251,509.06719970703125,15816600,0.0019251535011401977,0.0019233027680548972,0.010280226242211733,508.1149963378906,5.350002603163659,0.010497073989259776,0.010509423129682274,-0.5988852074494275,0.6687617481080679,4.082355647606164
2025-09-18,510.5344514878828,512.1115168727503,506.71161989545686,507.5001525878906,18913700,-0.003078271631019369,-0.0030830192546233157,0.010064300250861195,509.6002136230469,5.399896977293395,0.01057694923732597,0.010640187889122302,-3.034298899992166,1.577065384867467,0.7885326924337619
2025-09-19,509.6061757592278,518.3298380532008,509.35664280609984,516.96240234375,52474100,0.018644821499281594,0.018473137542949315,0.011052322699518436,511.2032043457031,8.973195247100932,0.017608097534792186,0.017357539361507142,7.356226584522176,1.367435709450774,0.24953295312798218
2025-09-22,514.6268375894382,516.772784556969,511.5824866494396,513.4889526367188,20009300,-0.00671896000808514,-0.006741633839998002,0.011096521171611083,511.02155151367185,5.190297907529384,0.010085556229133406,0.010107905692766475,-1.1378849527194461,2.14594696753079,1.906465987279148
2025-09-23,512.8401566617626,513.6287198501773,506.3622903955001,508.2787170410156,19799600,-0.010146733574206479,-0.010198562570060122,0.011430726886907763,511.0594848632812,7.266429454677166,0.014168994686330011,0.014296151326144943,-4.561439620747024,0.7885631884146278,1.9164266455155143
2025-09-24,509.4265417419943,511.5225942719762,505.9730140478167,509.19696044921875,13533700,0.00180657457693445,0.0018049446838038555,0.011435321262694451,511.08543701171874,5.549580224159456,0.010893779121092817,0.010898690791994438,-0.22958129277554917,2.0960525299818755,3.2239464014020314
2025-09-25,507.3504106819217,509.0572380888419,504.09652154158834,506.0827941894531,15786500,-0.006115838274090013,-0.0061346166156694935,0.011487116960301025,510.8019653320313,4.960716547253583,0.009777692976706102,0.00980218376164855,-1.2676164924685622,1.7068274069202403,1.98627264786478
2025-09-26,509.1071380786861,512.9798945996346,505.67356201643696,510.5045166015625,16213100,0.008737152226625744,0.008699204190431221,0.009192168357502535,509.51038818359376,7.306332583197616,0.014351267222005382,0.014311984214823405,1.3973785228764086,2.4753779980720765,3.4335760622491307
2025-09-29,510.5444265624633,515.8844074376258,507.9293260645142,513.6386108398438,17617800,0.006139209617859853,0.00612044144581852,0.009181828130031584,509.5403198242187,7.955081373111568,0.01558156540200384,0.015487701284964382,3.0941842773804638,2.2457965977820322,2.615100497949072
2025-09-30,512.2811987663596,517.1919905812645,508.70790002171145,516.982421875,19728200,0.006510046099705846,0.006488947269661438,0.00923330868984314,511.28106079101565,8.48409055955301,0.016561393586147246,0.01641079116149206,4.70122310864042,0.2095687062644629,3.5732987446481275
2025-10-01,513.8382741479315,519.5376290534263,510.7340986553811,518.7391357421875,22632300,0.0033980146961596347,0.0033922544893785077,0.009228724327246132,513.1894958496093,8.803530398045154,0.01713288176643428,0.016971016434781768,4.900861594255957,0.798493311238758,3.1041754925504392
2025-10-02,516.6730253227585,520.625588764222,509.7260051791023,514.7765502929688,21222900,-0.007638878920421699,-0.007668204594977582,0.009597021664938728,514.9282470703125,10.899583585119728,0.021095708602768472,0.02117342675946792,-1.8964750297897126,3.9525634414635533,5.0505451138664625
2025-10-03,516.1339509263171,519.5176324904353,514.0378984273964,516.3834838867188,15112300,0.003121613820278757,0.0031167516996714194,0.008584650585759027,516.1040405273437,5.479734063038904,0.010616883569089582,0.010611753152509845,0.24953296040166606,3.1341486037165396,2.096052498920699
2025-10-06,517.6411650074094,530.0380069481532,517.2319577376861,527.5825805664062,21388600,0.02168755785021248,0.021455728651506266,0.00981970581423271,518.8928344726562,12.806049210467108,0.024739240377615265,0.02427307057166044,9.941415558996823,2.4554263817469746,0.4092072697233107
2025-10-07,527.3030443984364,528.8102332144322,520.4658657072805,523.0010986328125,14615200,-0.008683914333705078,-0.008721839235137807,0.009489514879762866,520.0965698242187,8.344367507151674,0.015824614698880007,0.015954780074009117,-4.301945765623941,1.5071888159957325,2.535232925532
2025-10-08,522.3024933531,525.9656203925812,522.1128458539913,523.8695068359375,13363400,0.0016604328468814433,0.0016590558523225463,0.009489770401463643,521.1226440429688,3.8527745385898697,0.007376519521964489,0.007354454665360891,1.567013482837524,2.0961135566436724,0.1896474991086734
2025-10-09,521.3642478231245,523.3505205733983,516.4334737589328,521.4241333007812,18343600,-0.004667905849160436,-0.004678834544344629,0.009558450991049109,522.4521606445312,6.917046814465493,0.013267205880239292,0.013265682143782603,0.05988547765673502,1.9263872726170348,4.9307740641917235
2025-10-10,518.6692706129455,522.6019127014883,508.6779606337136,510.0054626464844,24133800,-0.021899006825811917,-0.022142349274500945,0.010228550589531902,521.1765563964843,13.923952067774735,0.026845531163471256,0.027301574370442123,-8.66380796646115,3.9326420885428206,1.3275020127707648
2025-10-13,515.4452371680482,515.4452371680482,510.7240930552238,513.0896606445312,14284200,0.006047382281049618,0.006029170251344131,0.010239364604685578,518.2779724121094,4.721144112824334,0.009159351512807017,0.009201401772340809,-2.355576523516902,0.0,2.3655675893074317
2025-10-14,509.2768388871209,514.3174231454748,505.05473007895694,512.610595703125,14684300,-0.0009336866012938927,-0.0009341227581389464,0.009855836052895476,516.1998718261718,9.26269306651784,0.01818793308322996,0.01806964808016233,3.3337568160040973,1.706827442349777,4.222108808163966
2025-10-15,513.9979961583023,516.2238106749688,509.04724028199115,512.4708251953125,14694700,-0.00027266410211590486,-0.000272701281730714,0.00985177562353039,513.9201354980469,7.1765703929776805,0.01396225364031852,0.014003861371508419,-1.5271709629897714,2.22581451666656,3.423584913321349
2025-10-16,511.62245544117155,515.884437136842,507.1807563967364,510.65423583984375,15559600,-0.003544766386996634,-0.0035510639580491293,0.009750928966473059,511.7661560058594,8.703680740105654,0.01701192089506798,0.017044176135719718,-0.968219601327803,4.2619816956704994,3.473479443107351
2025-10-17,508.0890780500653,514.5170195527368,506.3622988729776,512.62060546875,19867800,0.0038506870028647278,0.003843292085263904,0.009541164824365607,512.2891845703125,8.15472067975918,0.016049785425530524,0.015907906535092067,4.531527418684675,1.8964140839867696,1.7267791770877352
2025-10-20,513.6486038577511,517.730989827423,512.4708156147512,515.8245239257812,14665600,0.006250077392229603,0.006230626662165641,0.0095460271893713,512.8361572265625,5.2601742126717,0.010240803096056779,0.010197603969346276,2.175920068030109,1.9064659016416954,1.1777882429998954
2025-10-21,516.533257830336,517.7210372272165,512.0815676283437,516.6929321289062,15586200,0.0016835341532732695,0.0016821185981848483,0.00940242129181135,513.6526245117187,5.639469598872779,0.010917921573067726,0.010914547593358265,0.15967429857028037,1.0281050983102205,4.451690201992278
2025-10-22,520.1764726871388,524.2488070435115,516.7428964573043,519.5675659179688,18962700,0.005563524504231809,0.005548105265548849,0.009474788370620824,515.07197265625,7.505910586207278,0.01442954647185999,0.01444645716663603,-0.608906769170062,4.072334356372721,2.824669460664495
2025-10-23,521.4839993377199,522.9712060783663,517.6411550810741,519.5875244140625,14023500,3.8413668217440744e-05,3.841293043138177e-05,0.009228850575900366,516.8586303710938,5.330050997292233,0.01022092912545994,0.010258235132382975,-1.8964749236573653,1.4872067406464566,1.9463693329884109
2025-10-24,521.8133604589415,524.3685757173844,519.7372899447384,522.6318359375,15532400,0.005859092800333476,0.005841995068404034,0.009307995949832542,518.8608764648437,4.631285772645924,0.008875368328194298,0.008861468923603356,0.8184754785585255,1.736739779884374,2.0760705142030247
2025-10-27,530.7866236569336,533.5813808592218,528.0217787333662,530.527099609375,18734700,0.015106740785724382,0.014993770300163762,0.008387861173956705,521.8013916015625,5.559602125855577,0.010474269467365,0.01047939328631674,-0.25952404755855696,2.794757202288224,2.5053208760087955
2025-10-28,548.9725518014023,552.6855732732587,539.7598137450263,541.057373046875,29986700,0.019848700368470196,0.019654283321668336,0.009336830321861502,526.6742797851563,12.925759528232334,0.023545365767045467,0.02388981311804894,-7.915178754527346,3.7130214718563366,1.2975593018486506
2025-10-29,543.9220119141725,545.2495444281135,535.7273269044096,540.538330078125,36023000,-0.0009593122552365996,-0.000959772689728643,0.009373338985523175,530.8684326171875,9.522217523703944,0.01750658608242994,0.01761617445765165,-3.383681836047458,1.327532513941037,4.811003173715449
2025-10-30,529.4889853080866,533.9705877450752,521.1446173319796,524.77783203125,41023100,-0.029157040620222285,-0.029590554584473662,0.012382044475619297,531.906494140625,12.82597041309566,0.024223299764456453,0.024440762605101595,-4.711153276836626,4.481602436988624,3.633214699270411
2025-10-31,527.8919782690999,528.3311587204174,514.137692119172,516.8426513671875,34006400,-0.015121028709135675,-0.01523651714532901,0.01158569164480049,530.7486572265625,14.193466601245404,0.02688706626644381,0.027461871739299915,-11.049326901912423,0.4391804513174975,2.7049592480154843
2025-11-03,518.8389228578652,523.9793263365088,513.628703759196,516.0641479492188,22374700,-0.0015062677507543532,-0.0015074033124727472,0.011509971462097781,527.8560668945313,10.350622577312834,0.019949587668364587,0.020056852657649345,-2.7747749086464637,5.140403478643634,2.4354441900227357
2025-11-04,510.80399534425794,514.5868933466259,506.8913048594995,513.3692016601562,20958700,-0.005222114924611443,-0.005235797823321971,0.0115984450786894,522.3184326171875,7.695588487126372,0.015065638791528845,0.01499035871696244,2.5652063158983083,1.2176916864696068,3.912690484758457
2025-11-05,512.3410686781482,513.8682396575209,505.6336213981725,506.2125549316406,23024300,-0.013940545528193238,-0.014038627544444297,0.012160899204729146,515.4532775878906,8.234618259348395,0.01607253207437362,0.016267115817505562,-6.128513746507565,1.5271709793727268,0.5789335334681027
2025-11-06,504.7153625290288,504.75529633258907,494.88375756631746,496.1713562011719,27406500,-0.019835933804179806,-0.02003530684422974,0.013131496512389618,509.731982421875,9.871538766271613,0.019558625512818322,0.01989542250453735,-8.544006327856948,0.03993380356024545,1.2875986348544188
2025-11-07,496.02163823572937,498.4470913363115,492.32853818272196,495.8918762207031,24019800,-0.0005632731050992934,-0.0005634318029910585,0.013042386271027433,505.5418273925781,6.118553153589517,0.012335254517025192,0.012338482332520356,-0.12976201502624463,2.4254531005821036,3.5633380379811683
2025-11-10,499.10586069795033,505.9031361854127,497.8681564860657,505.0547180175781,26101500,0.018477499302281375,0.018308864444895333,0.013942619754381687,503.33994140625,8.03497969934699,0.01609874844609291,0.01590912709594238,5.948857319627791,0.8484181678345522,1.2377042118846475
2025-11-11,503.85694933091565,508.64800052182136,501.411544557113,507.7297058105469,17980000,0.005296431648967648,0.005282454884459312,0.014030305371813044,502.2120422363281,7.236455964708341,0.014362123960615833,0.01425257549813037,3.872756479631221,0.9182947112744841,2.445404773802636
2025-11-12,508.4084461357136,510.7141588310794,498.18758530403636,510.1851501464844,26574900,0.004836125024470617,0.004824468538220908,0.014006792327504248,503.0065612792969,12.526573527043013,0.024638799025182193,0.024552995169393667,1.7767040107707999,0.5290086845949986,10.220860831677214
2025-11-13,509.3566671737073,512.54071024479,500.3535287599438,502.34979248046875,25273100,-0.015357870890138514,-0.01547702452765287,0.014472764453773473,504.24224853515625,12.187181484846235,0.023926616200922343,0.02426034939652149,-7.006874693238558,3.1840430710827263,1.9962637205249507
2025-11-14,497.2992409027003,510.644258818196,496.51070821491913,509.2268981933594,28505700,0.013689874696540372,0.01359701489479531,0.01491422884014521,506.9092529296875,14.133550603276888,0.028420615679246943,0.027754917608280413,11.927657290659056,1.4173606248366468,0.7885326877811849
2025-11-17,507.5001596757347,511.16328656765256,503.9667643395777,506.54193115234375,19092800,-0.005272633968357532,-0.005286583357794761,0.014191379628816725,507.2066955566406,7.196522228074855,0.014180334904077755,0.014207159931860572,-0.9582285233909715,3.663126891917841,2.5751668127660423
2025-11-18,494.44458869198826,502.0403882023454,485.87063942574486,492.8675537109375,33815100,-0.026995548838964045,-0.0273666221292721,0.014001855553893067,504.23426513671876,16.169748776600557,0.03270285315362895,0.03280749291539685,-1.5770349810507582,7.595799510357153,6.996914285192645
2025-11-19,489.18443539234676,494.264922953439,481.9279972054541,486.2099914550781,23245300,-0.013507811998847874,-0.013599872454874285,0.014043030880018867,499.4392333984375,12.336925747984878,0.025219375056547207,0.02537365740071327,-2.9744439372686315,5.080487561092241,4.281994249624006
2025-11-20,492.7099914550781,493.57000732421875,475.5,478.42999267578125,26802500,-0.016001314074220674,-0.016130717372056503,0.012882748690813283,494.6552734375,18.07000732421875,0.036674732880602134,0.03776938653690195,-14.279998779296875,0.860015869140625,2.92999267578125
2025-11-21,478.5,478.9200134277344,468.2699890136719,472.1199951171875,31769200,-0.013188967362399162,-0.013276714172975488,0.012793799857396052,487.2338928222656,10.6500244140625,0.02225710431361024,0.022557876226824494,-6.3800048828125,0.420013427734375,3.850006103515625
2025-11-24,475.0,476.8999938964844,468.0199890136719,474.0,34421000,0.003982048848293118,0.003974141476520722,0.01300880095942466,480.7255065917969,8.8800048828125,0.018694747121710525,0.01873418751648207,-1.0,1.899993896484375,5.980010986328125
2025-11-25,474.07000732421875,479.1499938964844,464.8900146484375,476.989990234375,28019800,0.006307996275052741,0.006288184139484632,0.01337139928714144,477.54999389648435,14.259979248046875,0.030079901760784473,0.029895762049513986,2.91998291015625,2.160003662109375,9.17999267578125
2025-11-26,486.30999755859375,488.30999755859375,481.20001220703125,485.5,25709100,0.01784106572434263,0.017683781896818542,0.014299212699206995,477.4079956054687,7.1099853515625,0.014620273873160183,0.014644666017636457,-0.80999755859375,2.0,4.29998779296875
2025-11-28,487.6000061035156,492.6300048828125,486.6499938964844,492.010009765625,14386700,0.013408876963182381,0.013319773606054174,0.014015744124306303,480.1239990234375,5.980010986328125,0.012264173321315732,0.012154246595870635,4.410003662109375,0.6199951171875,0.95001220703125
2025-12-01,488.44000244140625,489.8599853515625,484.6499938964844,486.739990234375,23964000,-0.010711203891482723,-0.010768981786818071,0.014261397933896209,483.047998046875,5.209991455078125,0.010666594523455562,0.0107038491999998,-1.70001220703125,1.41998291015625,2.089996337890625
2025-12-02,486.7200012207031,493.5,486.32000732421875,490.0,19562700,0.00669764110414528,0.006675311554056698,0.013413353799865219,486.247998046875,7.17999267578125,0.014751792935925564,0.014653046277104592,3.279998779296875,3.5,0.399993896484375
2025-12-03,476.32000732421875,484.239990234375,475.20001220703125,477.7300109863281,34615100,-0.025040793905452774,-0.02535964876263152,0.014510656342733783,486.3960021972656,9.03997802734375,0.018978791334268833,0.018922776085763763,1.410003662109375,6.509979248046875,1.1199951171875
2025-12-04,479.760009765625,481.32000732421875,476.489990234375,480.8399963378906,22318200,0.006509922508618482,0.006488824477946213,0.014589595323156603,485.46400146484376,4.83001708984375,0.01006756918360773,0.010044957005718079,1.079986572265625,0.480010986328125,3.27001953125
2025-12-05,482.5199890136719,483.3999938964844,478.8800048828125,483.1600036621094,22608700,0.004824905045104577,0.004813302496586745,0.014383610136632053,483.6940002441406,4.519989013671875,0.009367464802673293,0.00935505625344117,0.6400146484375,0.239990234375,3.639984130859375
2025-12-08,484.8900146484375,492.29998779296875,484.3800048828125,491.0199890136719,21965900,0.01626787253081341,0.016136968471426146,0.014601170783226385,484.55,7.91998291015625,0.016333565697158187,0.016129654774473402,6.129974365234375,1.279998779296875,0.510009765625
2025-12-09,489.1000061035156,492.1199951171875,488.5,492.0199890136719,14696100,0.002036576967077819,0.0020345059555792527,0.014621112402879008,484.95399780273436,3.6199951171875,0.007401339341675138,0.007357414735210911,2.91998291015625,0.100006103515625,0.600006103515625
2025-12-10,484.0299987792969,484.25,475.0799865722656,478.55999755859375,35756200,-0.027356594763681685,-0.027737753963508884,0.01466745525253766,485.1199951171875,9.170013427734375,0.018945134497574033,0.01916167977790835,-5.470001220703125,0.220001220703125,3.480010986328125
2025-12-11,476.6300048828125,486.0299987792969,475.8599853515625,483.4700012207031,24669200,0.010259954210878552,0.010207678143323889,0.014606372119167673,485.64599609375,10.170013427734375,0.02133733362051943,0.021035459081341808,6.839996337890625,2.55999755859375,0.77001953125
2025-12-12,479.82000732421875,482.45001220703125,476.3399963378906,478.5299987792969,21248100,-0.01021780550795981,-0.010270365621871403,0.014228372371276124,484.7199951171875,6.110015869140625,0.012733974773611371,0.01276830268682618,-1.290008544921875,2.6300048828125,2.19000244140625
2025-12-15,480.1000061035156,480.7200012207031,472.5199890136719,474.82000732421875,23727700,-0.0077528921165697096,-0.007783102028747684,0.01392939487775752,481.47999877929686,8.20001220703125,0.0170798002557476,0.01726972764530556,-5.279998779296875,0.6199951171875,2.300018310546875
2025-12-16,471.9100036621094,477.8900146484375,470.8800048828125,476.3900146484375,20705600,0.003306531527738965,0.003301076972831595,0.01391807010187163,478.35400390625,7.010009765625,0.014854547924871312,0.014714854531109748,4.480010986328125,1.5,1.029998779296875
2025-12-17,476.9100036621094,480.0,475.0,476.1199951171875,24527200,-0.0005668035075194755,-0.0005669642013516311,0.013820848346788027,477.8660034179687,5.0,0.010484158356096255,0.010501554337723937,-0.790008544921875,3.089996337890625,1.1199951171875
2025-12-18,478.19000244140625,489.6000061035156,477.8900146484375,483.9800109863281,28573500,0.016508476749030443,0.016373693204499575,0.013703936502684838,477.96800537109374,11.709991455078125,0.024488156162388565,0.024195196473535595,5.790008544921875,5.6199951171875,0.29998779296875
2025-12-19,487.3599853515625,487.8500061035156,482.489990234375,485.9200134277344,70836100,0.00400843505386228,0.004000422682315486,0.013250528066304949,479.4460083007813,5.360015869140625,0.01099806309554552,0.011030654677773963,-1.439971923828125,0.490020751953125,3.430023193359375
2025-12-22,486.1199951171875,488.7300109863281,482.69000244140625,484.9200134277344,16963000,-0.002057951869374297,-0.0020600723620700385,0.012971810477518574,481.46600952148435,6.040008544921875,0.012424933361290412,0.012455680066135262,-1.199981689453125,2.610015869140625,2.230010986328125
2025-12-23,484.9800109863281,487.8299865722656,484.739990234375,486.8500061035156,14683600,0.003980022730220467,0.003972123392512731,0.01288723281193172,483.5580078125,3.089996337890625,0.006371389063244782,0.00634691650231513,1.8699951171875,0.97998046875,0.240020751953125
2025-12-24,485.67999267578125,489.1600036621094,484.8299865722656,488.0199890136719,5855900,0.0024031691393415766,0.002400286146341494,0.010889959630322795,485.93800659179686,4.33001708984375,0.008915370522034826,0.008872622407526927,2.339996337890625,1.1400146484375,0.850006103515625
2025-12-26,486.7099914550781,488.1199951171875,485.9599914550781,487.7099914550781,8842200,-0.0006352148796615609,-0.0006354167141099218,0.010808182363750057,486.6840026855469,2.160003662109375,0.004437968605599783,0.0044288689999256005,1.0,0.410003662109375,0.75
2025-12-29,484.8599853515625,488.3500061035156,484.17999267578125,487.1000061035156,10893400,-0.0012507132563402967,-0.0012514960509342136,0.010766526168939843,486.9200012207031,4.170013427734375,0.008600448693885885,0.008560897917230139,2.240020751953125,1.25,0.67999267578125
2025-12-30,485.92999267578125,489.67999267578125,485.5,487.4800109863281,13944500,0.0007801372984006516,0.0007798331494734757,0.009870470813226421,487.4320007324219,4.17999267578125,0.008602047082469748,0.008574695539461786,1.550018310546875,2.199981689453125,0.42999267578125
2025-12-31,487.8399963378906,488.1400146484375,483.29998779296875,483.6199951171875,15601600,-0.007918305945161852,-0.007949822210215307,0.010024074969778089,486.78599853515624,4.84002685546875,0.009921340791656661,0.010007913039856733,-4.220001220703125,0.300018310546875,0.32000732421875
